account,shapley_value
ACC_RINGLEADER,453.416667
ACC_3,273.533333
ACC_1,149.966667
ACC_2,123.083333
